,homeTeam,awayTeam,finalHomeScore,finalAwayScore,solHomePred,solAwayPred,solPoints,philHomePred,philAwayPred,philPoints,jonnyHomePred,jonnyAwayPred,jonnyPoints,lilaHomePred,lilaAwayPred,lilaPoints,jacobHomePred,jacobAwayPred,jacobPoints,samHomePred,samAwayPred,samPoints,weekNum,solBanker,solInsurance,philBanker,philInsurance,jonnyBanker,jonnyInsurance,samBanker,samInsurance,jacobBanker,jacobInsurance,lilaBanker,lilaInsurance
dd82b17f-be03-4369-9168-4c0b4aaec006,Liverpool,Norwich City,4,1,3,0,15,3,0,15,3,1,20,3,1,20,3,0,30,3,1,20,1,False,False,False,False,True,False,True,False,True,False,True,False
af579519-820e-42bf-b9bd-752d81172b97,West Ham,Man City,0,5,0,2,10,1,3,10,0,1,10,1,3,10,1,2,10,1,2,10,1,False,False,False,False,False,False,False,False,False,False,False,False
c7990da0-bf6e-429f-9ff0-ce750ca4e593,Bournemouth,Sheffield United,1,1,1,0,-10,2,2,20,1,1,30,2,0,-10,2,1,-10,2,1,-10,1,False,False,False,False,False,False,False,False,False,False,False,False
ee1899e6-aa01-4006-8f12-a214952bb4c5,Burnley,Southampton,3,0,1,1,-10,2,1,10,2,1,10,2,2,-10,1,1,-10,2,0,10,1,False,False,False,False,False,False,False,False,False,False,False,False
72d8add9-c295-4c6a-8302-3659cb2de0b0,Crystal Pal,Everton,0,0,1,1,20,0,0,30,1,1,20,1,1,20,1,2,-10,0,0,30,1,False,False,False,False,False,False,False,False,False,False,False,False
6f187fce-bec7-43df-882c-2727be2285f0,Watford,Brighton,0,3,1,0,-10,1,0,-10,2,1,-10,2,1,-10,2,0,-10,1,0,-10,1,False,False,False,False,False,False,False,False,False,False,False,False
cbf75638-f97d-42ce-9b99-d94012f8060d,Tottenham,Aston Villa,3,1,2,0,15,2,0,15,2,0,15,2,1,10,2,0,15,1,0,10,1,False,False,False,False,False,False,False,False,False,False,False,False
0e34976d-ac52-4a91-8aaf-17081d41fe2a,Leicester,Wolves,0,0,0,0,30,1,1,20,2,2,20,1,2,-10,1,1,20,1,2,-10,1,False,False,False,False,False,False,False,False,False,False,False,False
534660b9-5ebc-48bc-a063-28fa1cb48516,Newcastle,Arsenal,0,1,0,3,30,0,2,30,1,2,15,1,2,15,1,2,15,1,2,15,1,True,False,True,False,False,False,False,False,False,False,False,True
16262ae8-f4f2-48f6-9b94-b7c061886828,Man Utd,Chelsea,4,0,1,2,0,2,0,10,2,1,10,1,1,-10,1,1,0,1,2,0,1,False,True,False,True,False,True,False,True,False,True,False,False
cb803cd6-2123-4e96-9105-adcd5b2ed193,Arsenal,Burnley,2,1,3,0,20,2,0,20,3,1,20,2,0,10,2,0,10,3,0,10,2,True,False,True,False,True,False,False,False,False,False,False,True
fae8704d-3d85-48fa-8889-9fb6b9c94e6c,Aston Villa,Bournemouth,1,2,1,1,-10,1,1,-10,1,1,-10,1,1,-10,1,1,-10,1,1,-10,2,False,False,False,False,False,False,False,False,False,False,False,False
74420d6c-8691-4173-88ea-1898f18dd8bb,Brighton,West Ham,1,1,0,0,20,2,1,-10,2,1,-10,2,1,-10,2,1,-10,1,0,-10,2,False,False,False,False,False,False,False,False,False,False,False,False
fa13bb75-29cd-4a2f-8316-acc1f9b8dc01,Everton,Watford,1,0,1,0,30,3,1,10,1,0,30,2,0,10,2,0,10,1,1,-10,2,False,False,False,False,False,False,False,False,False,False,False,False
0e0fffc0-6c5c-4877-988b-84a1200f3ab7,Norwich City,Newcastle,3,1,1,1,-10,1,0,10,1,1,-10,1,1,-10,1,0,10,1,1,-10,2,False,False,False,False,False,False,False,False,False,True,False,False
7a8c0094-df10-4edd-8edc-b045211503e4,Southampton,Liverpool,1,2,0,3,10,1,2,30,0,3,10,1,3,10,0,2,10,1,4,20,2,False,False,False,False,False,False,True,False,False,False,False,False
a2f082ab-75f7-4a2c-be2c-ddc69454fc3b,Man City,Tottenham,2,2,3,1,-10,2,1,-10,2,1,0,3,2,-20,1,0,-20,3,2,0,2,False,False,False,False,False,True,False,True,True,False,True,False
8a2767d3-6a2a-44a0-9656-2a205ccd250c,Sheffield United,Crystal Pal,1,0,1,0,30,2,2,0,1,1,-10,0,1,-10,0,1,-10,1,0,30,2,False,False,False,True,False,False,False,False,False,False,False,False
92d0432e-f638-4838-b04c-8e11a7d872f6,Chelsea,Leicester,1,1,2,1,0,2,1,-10,2,1,-10,2,1,-10,1,0,-10,2,0,-10,2,False,True,False,False,False,False,False,False,False,False,False,False
00b15296-84ba-489b-ab82-b21343e08aa1,Wolves,Man Utd,1,1,1,1,30,1,2,-10,1,2,-10,2,2,20,1,2,-10,1,1,30,2,False,False,False,False,False,False,False,False,False,False,False,False
2ab35440-6388-4b51-bf3c-895243a04b3f,Aston Villa,Everton,2,0,1,2,-10,1,2,0,1,2,-10,0,1,-10,1,2,-10,1,2,-10,3,False,False,False,True,False,False,False,False,False,False,False,False
2dff7f6f-e3c1-49e9-9fcf-2d6ff8232ff4,Norwich City,Chelsea,2,3,0,3,10,1,1,-10,1,1,-10,1,2,15,0,1,15,0,1,15,3,False,False,False,False,False,False,False,False,False,False,False,False
1309b098-5945-4476-98a9-d2b588ff9f73,Brighton,Southampton,0,2,1,0,-10,1,1,-10,2,1,-10,2,1,0,1,0,0,3,0,-10,3,False,False,False,False,False,False,False,False,False,True,False,True
7161dc9d-f798-46d7-a180-5c72aaac49d0,Man Utd,Crystal Pal,1,2,3,1,-10,3,0,-10,2,1,-10,2,0,-10,2,1,-20,2,1,-10,3,False,False,False,False,False,False,False,False,True,False,False,False
359c3801-1e81-4cd4-826a-a6e42b9430d3,Sheffield United,Leicester,1,2,0,0,-10,1,1,-10,1,2,30,0,0,-10,0,1,15,1,0,-10,3,False,False,False,False,False,False,False,False,False,False,False,False
f8947e30-846e-4354-9109-c2446ddf5815,Watford,West Ham,1,3,1,1,-10,0,0,-10,1,0,-10,1,1,-10,2,0,-10,2,0,-30,3,False,False,False,False,False,False,True,False,False,False,False,False
2cfd3864-0f81-47c7-b0b7-fce236467c71,Liverpool,Arsenal,3,1,1,2,0,2,2,-10,1,1,0,2,1,10,3,1,30,2,1,10,3,False,True,False,False,False,True,False,False,False,False,False,False
73942552-a58a-46be-bafe-7406a4ba154e,Bournemouth,Man City,1,3,0,2,15,1,3,30,1,2,10,0,3,10,1,2,10,1,4,10,3,False,False,False,False,False,False,False,False,False,False,False,False
7d6b0afe-7376-4034-a306-4a0044c2ef36,Tottenham,Newcastle,0,1,2,0,-30,2,0,-30,3,1,-30,3,0,-30,3,1,-10,1,1,0,3,True,False,True,False,True,False,False,True,False,False,True,False
756fee04-7666-46c4-9481-8889fb9be1c6,Wolves,Burnley,1,1,1,0,-10,1,0,-10,2,1,-10,2,1,-10,2,1,-10,2,0,-10,3,False,False,False,False,False,False,False,False,False,False,False,False
23c84b5c-5e50-47aa-90cf-4a76e9f81125,Southampton,Man Utd,1,1,0,2,-10,1,1,30,1,2,-10,1,2,-10,1,1,30,2,2,20,4,False,False,False,False,False,False,False,True,False,False,False,False
f62ffcf6-4f3b-4397-8063-124b3bf0bc1e,Chelsea,Sheffield United,2,2,2,0,-10,3,1,-10,2,1,-30,2,1,-10,1,0,-10,1,0,-10,4,False,False,False,False,True,False,False,False,False,False,False,False
407a0fd2-2172-4b88-95a7-4c8af9909bf2,Crystal Pal,Aston Villa,1,0,0,0,-10,1,0,30,1,0,30,1,0,30,1,1,-10,0,0,-10,4,False,False,False,False,False,False,False,False,False,False,False,False
9122d1df-1ab7-4353-8c75-efb50bfe7cd3,Leicester,Bournemouth,3,1,2,1,10,2,1,10,2,0,15,0,0,-10,1,0,10,3,1,30,4,False,False,False,False,False,False,False,False,False,False,False,False
2758ad7a-0484-4088-b2a4-d6b650d76a29,Man City,Brighton,4,0,3,0,20,3,0,10,3,0,10,3,0,20,3,1,20,3,1,20,4,True,False,False,False,False,False,True,False,True,False,True,False
f60b97d9-abcf-4131-83fc-0c8e431e0590,Newcastle,Watford,1,1,1,0,-10,1,0,-10,2,1,-10,1,1,30,2,1,-10,2,1,-10,4,False,False,False,False,False,False,False,False,False,False,False,False
7cb48027-83b5-4738-942e-1f900c53a76e,West Ham,Norwich City,2,0,0,1,-10,1,1,-10,1,1,-10,2,1,10,1,1,-10,2,1,10,4,False,False,False,False,False,False,False,False,False,False,False,False
f3952409-1679-443c-a3d7-a1efa500c5c9,Burnley,Liverpool,0,3,1,3,10,1,2,10,1,2,10,1,4,15,0,1,10,0,3,30,4,False,False,False,False,False,False,False,False,False,False,False,False
62cc1820-74f2-482d-8107-930c7664637c,Everton,Wolves,3,2,1,1,-10,1,1,-30,1,1,-10,2,2,-10,2,1,15,1,2,-10,4,False,False,True,False,False,False,False,False,False,True,False,False
81a84bf7-79f7-47ca-8997-6f69ed7cbe06,Arsenal,Tottenham,2,2,3,1,0,2,2,30,2,1,0,2,1,0,2,0,-10,3,1,-10,4,False,True,False,True,False,True,False,False,False,False,False,True
9699382c-8d61-4633-af94-ac37e42538a3,Liverpool,Newcastle,3,1,3,1,30,4,1,10,4,0,20,4,1,10,3,0,20,5,1,10,5,False,False,False,False,True,False,False,False,True,False,False,False
5631e549-4af9-4047-874c-8d2229452cff,Brighton,Burnley,1,1,1,1,30,1,1,30,1,1,30,1,1,30,1,1,30,1,1,30,5,False,False,False,False,False,False,False,False,False,False,False,False
75e0ce17-f5ed-4ddf-ad18-ead36c374abf,Man Utd,Leicester,1,0,2,2,-10,2,2,-10,2,2,-10,2,2,-10,1,1,-10,1,1,0,5,False,False,False,False,False,False,False,True,False,False,False,False
dc98c453-dc47-4fa4-b23e-de0ad898f6dd,Sheffield United,Southampton,0,1,0,0,-10,1,2,15,1,0,-10,1,1,-10,2,1,-10,2,1,-10,5,False,False,False,False,False,False,False,False,False,False,False,False
a6f6d2ce-b5d7-4cdd-ad97-f328b5c00901,Tottenham,Crystal Pal,4,0,2,0,10,1,1,-10,2,1,10,2,2,-10,0,1,-10,1,1,-10,5,False,False,False,False,False,False,False,False,False,False,False,False
5909d458-7756-42ef-ae47-4b6e0b90faf6,Wolves,Chelsea,2,5,1,2,10,2,2,0,1,1,-10,1,2,10,1,2,10,1,1,-10,5,False,True,False,True,False,False,False,False,False,False,False,False
95eac3d0-a3ba-4357-ab73-e5da6cfee3e4,Norwich City,Man City,3,2,1,4,-10,1,3,-10,1,4,-10,0,3,-20,0,2,-10,0,3,-20,5,False,False,False,False,False,False,True,False,False,False,True,False
4f2e6855-2161-4428-bf94-9f7f6637f356,Bournemouth,Everton,3,1,1,2,-10,1,2,-10,2,1,10,1,2,-10,2,1,10,2,1,10,5,False,False,False,False,False,True,False,False,False,False,False,False
2efebd87-e7e8-4fed-9a81-5dce9bf0b29b,Watford,Arsenal,2,2,1,2,-30,1,2,-30,1,2,-10,0,3,0,0,1,-10,1,3,-10,5,True,False,True,False,False,False,False,False,False,False,False,True
6b123e3b-8d9f-43de-b752-9568fbf34098,Aston Villa,West Ham,0,0,1,1,20,1,2,-10,1,1,20,0,2,-10,2,1,0,1,2,-10,5,False,False,False,False,False,False,False,False,False,True,False,False
ee17d6c9-1137-4058-8f1d-ebf2b00b5d6a,Southampton,Bournemouth,1,3,2,1,-10,2,1,-10,2,1,-10,1,1,-10,1,0,-10,1,1,-10,6,False,False,False,False,False,False,False,False,False,False,False,False
2fa7841a-ee5a-4102-b5c0-95814b53a77f,Leicester,Tottenham,2,1,0,2,-10,1,1,-10,1,2,-10,1,2,-10,1,2,-10,2,1,30,6,False,False,False,False,False,False,False,True,False,False,False,False
ad859511-0f13-4412-a948-0e9588c7d8ec,Burnley,Norwich City,2,0,1,2,0,1,0,10,1,1,-10,1,2,-10,1,1,-10,3,1,15,6,False,True,False,False,False,False,False,False,False,False,False,False
8490a092-37d0-47ff-b1f2-4fd230134883,Everton,Sheffield United,0,2,1,0,-10,3,1,-30,2,1,-10,1,0,-10,2,1,-10,3,1,-30,6,False,False,True,False,False,False,True,False,False,False,False,False
7c847027-2d1b-4a62-87b2-094860481f93,Man City,Watford,8,0,4,0,10,3,1,10,3,0,10,3,1,10,2,1,10,3,0,10,6,False,False,False,False,False,False,False,False,False,False,False,False
45d3ff52-9559-4fa1-9b42-a4ceec782ce1,Newcastle,Brighton,0,0,0,0,30,2,2,20,2,0,-10,1,1,20,1,0,0,2,1,-10,6,False,False,False,False,False,False,False,False,False,True,False,False
64e2926f-34f8-46ab-9382-2263a9295be7,Crystal Pal,Wolves,1,1,1,1,30,2,1,-10,1,0,-10,1,1,30,2,0,-10,1,1,30,6,False,False,False,False,False,False,False,False,False,False,False,False
7d52ca39-2ad9-4a74-a093-d8b477caf6a7,West Ham,Man Utd,2,0,2,3,-10,1,1,0,1,1,0,1,2,-10,0,1,-10,1,1,-10,6,False,False,False,True,False,True,False,False,False,False,False,False
fe3527a8-b5d6-4730-a64c-047695e3c45d,Arsenal,Aston Villa,3,2,2,0,30,2,0,10,3,1,30,3,0,30,2,1,45,2,1,15,6,True,False,False,False,True,False,False,False,True,False,True,False
1c534290-a356-41fa-86ab-c834f7055932,Chelsea,Liverpool,1,2,1,2,30,2,3,15,1,2,30,1,2,30,1,2,30,1,2,30,6,False,False,False,False,False,False,False,False,False,False,False,True
8444cd74-a53a-48cf-9ac0-b94bb18d4264,Sheffield United,Liverpool,0,1,0,3,20,1,3,10,0,3,10,0,3,20,0,2,10,1,3,10,7,True,False,False,False,False,False,False,False,False,False,True,False
2cd228a3-ed7d-4287-b5a3-cd7de4b2c66b,Aston Villa,Burnley,2,2,1,1,20,1,1,20,1,1,20,1,1,20,2,1,-10,1,2,-10,7,False,False,False,False,False,False,False,False,False,False,False,False
e9290054-0fca-4153-8b49-c986af3a2054,Bournemouth,West Ham,2,2,2,1,-10,2,2,30,2,1,-10,2,2,30,1,2,-10,2,1,-10,7,False,False,False,False,False,False,False,False,False,False,False,False
99cad52e-6750-48b1-8591-4293d9b7c177,Chelsea,Brighton,2,0,2,0,30,3,1,15,2,0,90,2,1,10,2,0,90,3,1,15,7,False,False,False,False,True,False,False,False,True,False,False,False
0893ec0b-9704-46bb-8a89-be5e5678df2e,Crystal Pal,Norwich City,2,0,1,1,-10,2,1,10,2,1,10,2,1,10,2,2,-10,0,0,-10,7,False,False,False,False,False,False,False,False,False,False,False,False
24865d72-9c95-46aa-b954-68a29be341ef,Tottenham,Southampton,2,1,1,0,15,2,2,0,1,1,-10,2,1,30,1,0,15,1,1,0,7,False,False,False,True,False,False,False,True,False,False,False,False
f590b46f-624c-4a64-80aa-3422fc0a3dca,Wolves,Watford,2,0,2,1,10,1,1,-30,1,1,-10,2,1,10,2,1,10,1,0,10,7,False,False,True,False,False,False,False,False,False,True,False,False
894d7852-169e-40de-abf2-1e78988e9a9f,Everton,Man City,1,3,1,3,30,1,3,30,1,3,30,1,4,10,1,2,10,2,4,15,7,False,False,False,False,False,False,False,False,False,False,False,True
8f53d463-652f-4f45-960a-870da3b882a6,Leicester,Newcastle,5,0,2,0,10,3,1,10,2,0,10,3,1,10,3,1,10,2,0,20,7,False,False,False,False,False,False,True,False,False,False,False,False
8ab6bcf8-8c33-49fe-a0c6-650e70f107de,Man Utd,Arsenal,1,1,1,2,0,1,2,-10,1,2,0,2,2,20,1,2,-10,1,2,-10,7,False,True,False,False,False,True,False,False,False,False,False,False
8abf536b-30f3-4bcc-8d4f-ac3df343cc1e,Brighton,Tottenham,3,0,0,3,-30,1,1,0,1,1,0,1,2,-10,1,2,-10,1,2,-10,8,True,False,False,True,False,True,False,False,False,False,False,False
e43d2f42-21c1-43f1-bacc-7afde8bf7e2d,Burnley,Everton,1,0,0,0,-10,1,1,-10,2,1,15,1,1,-10,1,2,-10,2,1,15,8,False,False,False,False,False,False,False,False,False,False,False,False
99015207-bc1b-4f29-8763-3318771b1a9e,Liverpool,Leicester,2,1,2,1,30,2,1,30,3,1,10,3,2,15,2,1,30,4,2,10,8,False,False,False,False,False,False,False,False,False,False,False,False
082a26ab-ad17-4c27-9a8e-dc42246d2c4e,Norwich City,Aston Villa,1,5,2,1,-10,0,0,-30,2,1,-10,1,1,-10,2,1,0,1,0,-10,8,False,False,True,False,False,False,False,False,False,True,False,False
f1441f77-9554-4e48-83b3-7dfb3d644cb7,Watford,Sheffield United,0,0,1,2,0,1,1,20,1,2,-10,1,1,20,3,1,-10,0,1,-10,8,False,True,False,False,False,False,False,False,False,False,False,False
7350033b-4adf-48e3-ac5c-e87e03973fe9,West Ham,Crystal Pal,1,2,2,1,-10,3,1,-10,2,0,-10,2,2,-10,2,0,-10,3,1,-30,8,False,False,False,False,False,False,True,False,False,False,False,False
7133569c-b949-42a0-8358-84be0764e7fd,Arsenal,Bournemouth,1,0,3,1,10,3,2,15,3,1,10,3,1,10,3,1,20,2,1,15,8,False,False,False,False,False,False,False,False,True,False,False,True
ac782c0d-c337-4f11-aef4-8f6713463451,Man City,Wolves,0,2,3,0,-10,2,1,-10,3,0,-20,4,1,-20,3,0,-10,4,1,-10,8,False,False,False,False,True,False,False,False,False,False,True,False
a638ed03-5372-4234-98b9-fc43a084d171,Southampton,Chelsea,1,4,1,2,10,2,2,-10,0,2,10,1,2,10,0,2,10,1,1,-10,8,False,False,False,False,False,False,False,False,False,False,False,False
253ef1d5-1ba9-43f1-a8e6-3fe9ff63d903,Newcastle,Man Utd,1,0,0,1,-10,0,0,-10,1,2,-10,0,1,-10,2,0,10,2,1,15,8,False,False,False,False,False,False,False,True,False,False,False,False
53f812b2-1ca0-40ea-a17d-e9e3ee96be99,Everton,West Ham,2,0,0,1,-10,1,1,-30,1,1,-10,0,1,-10,1,1,-10,1,2,0,9,False,False,True,False,False,False,False,True,False,False,False,False
52d67a63-ebe8-453f-b1fe-5c5a4bb85599,Aston Villa,Brighton,2,1,0,0,-10,1,0,15,2,1,30,1,1,-10,1,1,-10,2,1,30,9,False,False,False,False,False,False,False,False,False,False,False,False
84909527-c036-4056-ae18-004ea54b510f,Bournemouth,Norwich City,0,0,2,1,-10,3,1,-10,2,0,-10,2,0,-10,2,1,-10,2,0,-10,9,False,False,False,False,False,False,False,False,False,False,False,False
08ebf014-da5e-4e31-b035-510d504429f2,Chelsea,Newcastle,1,0,2,0,10,2,2,0,2,0,30,2,0,10,2,0,10,3,1,10,9,False,False,False,True,True,False,False,False,False,False,False,False
8b08bdf9-226a-4934-a590-41873f50f783,Leicester,Burnley,2,1,3,1,10,1,0,15,1,0,15,2,1,30,3,1,20,2,0,20,9,False,False,False,False,False,False,True,False,True,False,False,False
625c1c63-e3df-4d98-8705-a3f3cff8cb46,Tottenham,Watford,1,1,2,0,-30,1,1,30,2,1,-10,2,0,-10,1,0,-10,2,1,-10,9,True,False,False,False,False,False,False,False,False,False,False,False
c144814a-5697-448b-86f4-18bc90eb16cd,Wolves,Southampton,1,1,1,0,-10,1,0,-10,3,1,-10,2,1,-10,2,1,-10,2,2,20,9,False,False,False,False,False,False,False,False,False,False,False,False
cb3344a1-67e8-40be-a5e7-f1ac7276d270,Crystal Pal,Man City,0,2,0,4,10,2,3,10,1,3,15,1,3,15,1,1,0,1,2,10,9,False,False,False,False,False,False,False,False,False,True,False,False
d1c0ded1-a358-4b0a-84b9-12230ebdf039,Man Utd,Liverpool,1,1,0,2,0,1,2,-10,1,3,-10,1,2,-20,0,3,-10,1,3,-10,9,False,True,False,False,False,False,False,False,False,False,True,False
54076835-e9fd-4d5a-9bb8-3cdd559c7018,Sheffield United,Arsenal,1,0,0,3,-10,1,2,-10,1,2,-10,1,3,0,1,2,-10,0,2,-10,9,False,False,False,False,False,False,False,False,False,False,False,True
2d80448c-f2d0-413a-bf94-81ac3714f444,Southampton,Leicester,0,9,0,3,10,1,3,10,1,2,10,1,2,10,1,2,10,1,2,10,10,False,False,False,False,False,False,False,False,False,False,False,False
1ba58123-e973-441e-b7e5-9fa53e2330ce,Man City,Aston Villa,3,0,4,1,30,2,0,10,3,1,20,3,1,20,3,0,60,4,0,10,10,True,False,False,False,True,False,False,False,True,False,True,False
51eea330-d6b3-4632-9a49-7f45e43d86f0,Brighton,Everton,3,2,0,0,-10,1,1,-10,1,1,-10,1,1,-10,1,2,-10,2,1,15,10,False,False,False,False,False,False,False,True,False,False,False,False
638e8dd9-a4d6-4db2-9ebb-84e4b3194102,Watford,Bournemouth,0,0,0,1,-10,1,1,60,0,1,-10,1,0,-10,1,1,20,1,2,-10,10,False,False,True,False,False,False,False,False,False,False,False,False
039e6aac-1096-44fd-8a00-1c22bfdbfbb9,West Ham,Sheffield United,1,1,0,0,20,2,0,-10,2,2,20,1,1,30,2,1,0,3,1,-10,10,False,False,False,False,False,False,False,False,False,True,False,False
bbe38ec3-5383-464c-89d4-f0f912f0628f,Burnley,Chelsea,2,4,0,2,15,1,1,0,1,2,10,1,3,15,1,3,15,1,3,15,10,False,False,False,True,False,False,False,False,False,False,False,False
74189808-357e-4843-8039-efad04b484e1,Newcastle,Wolves,1,1,2,2,20,0,0,20,1,2,-10,1,2,-10,1,2,-10,1,1,30,10,False,False,False,False,False,False,False,False,False,False,False,False
04f72045-4ba6-4a8e-b6e4-4446f38b1bc1,Arsenal,Crystal Pal,2,2,3,0,-10,2,1,-10,3,1,0,2,1,0,1,1,20,2,1,-30,10,False,False,False,False,False,True,True,False,False,False,False,True
b7ef7751-83ac-499d-a2df-883767f90602,Liverpool,Tottenham,2,1,2,1,30,3,2,15,2,0,10,2,0,10,2,0,10,3,1,10,10,False,False,False,False,False,False,False,False,False,False,False,False
e106ffa4-caba-4d24-afc2-8cc58827eee6,Norwich City,Man Utd,1,3,1,0,0,1,1,-10,1,1,-10,0,1,10,1,0,-10,1,1,-10,10,False,True,False,False,False,False,False,False,False,False,False,False
0527405d-5751-4171-af2c-a9f573fe996c,Bournemouth,Man Utd,1,0,1,2,-10,2,2,-10,1,2,-10,1,2,-10,1,2,-10,1,1,-10,11,False,False,False,False,False,False,False,False,False,False,False,False
f5308f2d-258e-403e-abdc-75b39c499877,Arsenal,Wolves,1,1,3,0,-10,2,1,-10,2,1,0,2,1,-10,1,1,30,2,1,-30,11,False,False,False,False,False,True,True,False,False,False,False,False
d0e49c1c-2e76-49c2-9bf8-ea92fc427ec0,Aston Villa,Liverpool,1,2,0,2,10,1,2,30,0,3,10,0,3,20,0,2,10,0,3,10,11,False,False,False,False,False,False,False,False,False,False,True,False
d6b7e6ef-e9b2-4107-ac05-13b82f46bcd3,Brighton,Norwich City,2,0,1,0,10,1,0,10,2,1,10,1,0,10,3,1,15,2,0,30,11,False,True,False,False,False,False,False,False,False,False,False,False
6ff73779-1501-4b75-838f-a58994294aae,Man City,Southampton,2,1,4,0,20,4,0,10,5,0,20,3,0,10,4,0,20,5,0,10,11,True,False,False,False,True,False,False,False,True,False,False,False
3c77d56e-a32e-4145-8fe7-3075de60236b,Sheffield United,Burnley,3,0,0,0,-10,0,0,0,1,1,-10,1,0,10,2,1,10,1,1,-10,11,False,False,False,True,False,False,False,False,False,False,False,False
f26acec1-234f-4c18-962b-b531d9e4fc19,West Ham,Newcastle,2,3,1,0,-10,2,1,-10,2,1,-10,2,1,-10,2,1,-10,2,1,-10,11,False,False,False,False,False,False,False,False,False,False,False,False
11366cf7-4ac2-45ff-961b-38799f18d1ce,Watford,Chelsea,1,2,1,3,10,1,3,10,0,2,10,0,2,10,1,3,10,0,3,10,11,False,False,False,False,False,False,False,False,False,False,False,False
171b538c-0567-48d5-acfd-c1f1550a5bcb,Crystal Pal,Leicester,0,2,1,2,10,1,1,-10,1,1,-10,1,3,15,1,3,15,2,3,10,11,False,False,False,False,False,False,False,False,False,True,False,False
2d1db84f-d257-468f-8ddd-a5e955cf809c,Everton,Tottenham,1,1,1,2,-10,2,2,60,1,1,30,1,1,30,1,1,30,1,1,30,11,False,False,True,False,False,False,False,True,False,False,False,True
bba51768-a16c-428f-9019-8942d73b2531,Norwich City,Watford,0,2,0,0,-10,0,0,-10,1,0,-10,1,1,-10,1,1,-10,1,1,-10,12,False,False,False,False,False,False,False,False,False,False,False,False
3ac10c61-d772-4c3d-981d-fe170f7af352,Chelsea,Crystal Pal,2,0,2,0,30,3,1,15,2,1,10,2,1,10,3,1,30,3,1,30,12,False,False,False,False,False,False,True,False,True,False,False,False
d8c05d3f-d4c4-40c0-ba46-3d0ccc9888f7,Burnley,West Ham,3,0,1,1,-10,2,0,10,1,1,-10,2,1,10,2,2,-10,2,1,10,12,False,False,False,False,False,False,False,False,False,False,False,False
a03683ae-2de5-4445-8b22-fbcc93c60371,Newcastle,Bournemouth,2,1,0,0,-10,1,0,15,1,2,-10,1,2,-10,1,1,-10,1,0,15,12,False,False,False,True,False,False,False,False,False,False,False,False
32cc837d-efd7-4b6c-858a-e2d0c063ef26,Southampton,Everton,1,2,1,1,-10,1,1,-10,0,1,15,1,1,-10,1,2,30,1,1,0,12,False,False,False,False,False,False,False,True,False,False,False,False
c9780910-9e12-4bd0-bf62-86d391d6ef35,Tottenham,Sheffield United,1,1,0,0,20,1,0,-10,1,1,30,1,2,-10,1,0,-10,1,0,-10,12,False,True,False,False,False,False,False,False,False,False,False,False
47778d37-836c-463c-b38e-18f6825b1147,Leicester,Arsenal,2,0,2,1,10,2,2,-10,3,1,30,1,2,0,3,1,15,3,2,10,12,False,False,False,False,True,False,False,False,False,False,False,True
160951dc-d111-4360-b375-841432084256,Man Utd,Brighton,3,1,2,0,45,2,0,15,1,1,-10,1,1,-10,2,1,10,2,1,10,12,True,False,False,False,False,False,False,False,False,False,False,False
f573ab4e-71d0-4d79-8aff-ff5a54f80770,Wolves,Aston Villa,2,1,1,0,15,1,1,-30,1,1,-10,2,1,90,1,1,-10,1,0,15,12,False,False,True,False,False,False,False,False,False,False,True,False
7c17bc88-9547-47bd-9e1a-39f4d6adbed7,Liverpool,Man City,3,1,3,1,30,2,2,-10,2,1,10,2,2,-10,2,1,10,2,1,10,12,False,False,False,False,False,True,False,False,False,False,False,False
b839c9eb-ddb1-4bc8-91b3-1defb2bfa9be,West Ham,Tottenham,2,3,0,3,30,1,1,0,0,1,15,1,2,15,1,2,15,1,2,15,13,True,False,False,True,False,False,False,False,False,False,False,False
f4f6082c-2fb5-4f0b-b29f-e2274cd7e129,Arsenal,Southampton,2,2,1,1,20,3,1,-30,2,1,-30,3,1,-30,1,1,20,2,0,-30,13,False,False,True,False,True,False,True,False,False,False,True,False
96c35d18-65f1-48ce-9665-8f130442765c,Bournemouth,Wolves,1,2,1,1,-10,1,1,-10,1,1,-10,1,1,-10,1,1,-10,1,1,-10,13,False,False,False,False,False,False,False,False,False,False,False,False
f3425459-0a9a-4548-82b6-ffe4150e7927,Brighton,Leicester,0,2,1,3,15,1,2,10,0,2,30,1,3,15,0,2,60,1,3,15,13,False,False,False,False,False,False,False,False,True,False,False,False
0e97e010-8a30-4dc3-a253-e6c77533149f,Crystal Pal,Liverpool,1,2,0,2,10,1,2,30,0,2,10,1,4,10,1,3,10,0,2,10,13,False,False,False,False,False,False,False,False,False,False,False,False
a79db64e-9457-4c15-bf28-15b948d0f35b,Everton,Norwich City,0,2,0,0,-10,2,0,-10,1,0,-10,2,0,-10,1,0,-10,2,1,-10,13,False,False,False,False,False,False,False,False,False,False,False,False
5e2d817f-b2af-495a-a849-cddd0b0c4692,Watford,Burnley,0,3,1,1,-10,1,1,-10,1,1,0,2,1,0,1,1,0,1,1,-10,13,False,False,False,False,False,True,False,False,False,True,False,True
a23f724a-ff79-4667-910b-6722d8875b41,Man City,Chelsea,2,1,2,1,30,2,2,-10,2,1,30,2,2,-10,2,2,-10,3,2,15,13,False,True,False,False,False,False,False,False,False,False,False,False
a9e01664-5d0e-436a-8daf-7be5d6b8ddf3,Sheffield United,Man Utd,3,3,1,2,-10,1,2,-10,1,1,20,1,2,-10,1,1,20,2,2,20,13,False,False,False,False,False,False,False,False,False,False,False,False
6fc1cd66-99df-4217-a541-cb1e1f5cad54,Aston Villa,Newcastle,2,0,1,1,-10,1,0,10,2,1,10,0,2,-10,2,1,10,1,2,0,13,False,False,False,False,False,False,False,True,False,False,False,False
c396c50d-0651-4e98-ba9b-896516ee77dd,Newcastle,Man City,2,2,0,2,-10,1,3,-10,0,2,-10,1,2,-10,0,2,-10,1,2,-10,14,False,False,False,False,False,False,False,False,False,False,False,False
05c76199-43a8-4260-9e84-7d335973085d,Burnley,Crystal Pal,0,2,1,0,-10,3,1,-30,2,1,-10,1,1,-10,2,1,-10,1,0,-10,14,False,False,True,False,False,False,False,False,False,False,False,False
814ccbd5-5ea1-4f84-87e5-0cd17ea17633,Chelsea,West Ham,0,1,2,0,-10,1,0,-10,2,0,-10,2,0,-10,3,1,-10,3,0,-10,14,False,False,False,False,False,False,False,False,False,False,False,False
01fcd48e-dd81-4a49-bd8b-579ecc55d5b0,Liverpool,Brighton,2,1,3,0,10,3,0,10,3,0,10,2,0,10,2,1,30,4,1,20,14,False,False,False,False,False,False,True,False,False,False,False,False
e8afed9c-40c2-4773-91ac-e92e6c762385,Tottenham,Bournemouth,3,2,3,0,10,2,2,0,2,1,15,2,1,15,3,2,90,2,0,10,14,False,False,False,True,False,False,False,False,True,False,False,False
3ee3b072-b021-4885-8c5b-4fab00cab9bc,Southampton,Watford,2,1,0,0,-10,1,1,-10,1,1,-10,0,0,-10,1,0,15,0,0,-10,14,False,False,False,False,False,False,False,False,False,False,False,False
843e78f5-0aec-427f-8901-381e31945c93,Norwich City,Arsenal,2,2,1,3,-30,1,2,-10,1,3,-30,1,2,0,1,3,-10,0,2,-10,14,True,False,False,False,True,False,False,False,False,False,False,True
d89dab06-d83e-4206-b885-c4b79c15dfbe,Wolves,Sheffield United,1,1,1,1,30,1,0,-10,1,1,30,2,2,20,2,2,20,2,1,-10,14,False,False,False,False,False,False,False,False,False,True,False,False
7a071288-b016-492d-b8b4-f8d8cff1af94,Leicester,Everton,2,1,3,0,10,3,1,10,3,0,10,2,0,10,3,0,10,3,1,10,14,False,False,False,False,False,False,False,False,False,False,False,False
71043da4-f0d0-4b79-bdcc-0f79a1a1710c,Man Utd,Aston Villa,2,2,2,1,-10,2,1,-10,2,1,-10,1,0,-10,2,1,-10,2,0,-10,14,False,False,False,False,False,False,False,False,False,False,False,False
4defd6fa-fdde-446f-beba-68f9c16a2391,Crystal Pal,Bournemouth,1,0,2,1,15,1,0,30,1,0,30,1,1,-10,1,1,-10,2,1,15,14,False,False,False,False,False,False,False,False,False,False,False,False
30c7204f-3327-4240-a272-aab5f98c4965,Burnley,Man City,1,4,0,3,15,1,2,10,1,2,10,1,3,10,1,2,10,1,3,10,14,False,False,False,False,False,False,False,False,False,False,False,False
8a6f8b87-2a74-450d-9826-3b23ad87bdac,Chelsea,Aston Villa,2,1,2,0,10,2,0,10,2,0,10,2,0,10,2,1,30,3,0,10,14,False,False,False,False,False,False,False,False,False,False,False,False
662588f1-fde5-4d7a-bd6a-5a178b58d52a,Leicester,Watford,2,0,4,0,10,4,0,10,2,0,30,3,0,10,2,0,30,2,0,30,14,False,False,False,False,False,False,False,False,False,False,False,False
3adb867d-dd32-4ac0-a830-47b40bde2b10,Man Utd,Tottenham,2,1,1,1,0,1,1,-10,1,1,-10,1,2,-10,2,2,-10,3,2,15,14,False,True,False,False,False,False,False,False,False,False,False,False
70af71f9-00cf-4f01-a708-6d1dbd91598e,Southampton,Norwich City,2,1,0,0,-10,0,0,-10,2,1,30,0,0,-10,2,1,30,1,0,15,14,False,False,False,False,False,False,False,True,False,False,False,False
2e595a06-9b6b-4769-b23f-d7bcdacf4751,Wolves,West Ham,2,0,2,0,30,1,0,10,2,1,10,2,1,10,1,2,-10,2,1,10,14,False,False,False,False,False,False,False,False,False,False,False,False
35b1a6c7-0101-4344-a215-b0d00c808c36,Liverpool,Everton,5,2,3,0,15,2,1,10,3,1,10,3,1,20,3,1,10,2,1,10,14,False,False,False,False,False,True,False,False,False,False,True,False
dcd61f9c-1904-4009-9661-539e85eadb4b,Sheffield United,Newcastle,0,2,2,1,-10,1,1,-10,2,1,-10,2,1,-10,2,1,-10,1,0,-10,15,False,False,False,False,False,False,False,False,False,False,False,False
5d9fcb2d-4c45-43c6-bd63-5556bcb67e33,Arsenal,Brighton,1,2,4,1,-30,2,1,-10,2,1,-10,2,1,-10,2,1,-10,2,0,-30,15,True,False,False,False,False,False,True,False,False,False,False,False
b9e94013-4a34-4f8d-8d3f-7795584ef9a6,Everton,Chelsea,3,1,0,2,-10,1,2,-10,1,2,-10,0,2,-10,1,2,-10,1,3,-10,15,False,False,False,False,False,False,False,False,False,False,False,False
525d7c3c-e95f-4c80-9fb9-fa55d913f96e,Bournemouth,Liverpool,0,3,0,3,30,1,3,10,1,3,10,0,3,30,1,2,20,1,4,15,15,False,False,False,False,False,False,False,False,True,False,False,False
9369fb21-9f93-4d04-ad29-cfcccad6e088,Tottenham,Burnley,5,0,2,0,10,1,1,-10,1,0,10,1,0,10,2,1,10,2,1,10,15,False,False,False,False,False,False,False,True,False,False,False,False
de866df0-668d-47dd-9413-694077a22a2f,Watford,Crystal Pal,0,0,1,1,20,2,2,60,2,2,20,1,0,-10,1,2,-10,1,2,-10,15,False,False,True,False,False,False,False,False,False,False,False,False
a8b13fff-cd35-4417-934a-ebe454af926a,Man City,Man Utd,1,2,1,2,30,2,2,0,2,1,-10,3,1,-20,3,1,-10,3,1,-10,15,False,True,False,True,False,False,False,False,False,False,True,False
b3f1f9de-a21f-439d-9f9a-0a2dd46b7911,Aston Villa,Leicester,1,4,0,2,10,1,2,10,1,3,10,1,3,10,1,2,10,1,3,10,15,False,False,False,False,False,False,False,False,False,False,False,False
117405de-3ad7-4287-b35b-0115baf60367,Newcastle,Southampton,2,1,1,0,15,1,1,-10,2,1,90,2,1,30,2,1,30,2,1,30,15,False,False,False,False,True,False,False,False,False,False,False,False
6dc10d7b-7f81-42d8-be98-a6fe44c11708,Norwich City,Sheffield United,1,2,1,0,-10,0,1,15,1,1,-10,0,2,10,2,2,0,1,1,-10,15,False,False,False,False,False,False,False,False,False,True,False,False
ecc69f21-797d-4bff-8b2e-202f5b574702,Brighton,Wolves,2,2,0,0,20,1,2,-10,1,2,-10,0,2,-10,1,2,-10,2,2,30,15,False,False,False,False,False,False,False,False,False,False,False,False
b9924fdc-596e-4eda-8bef-f635ca43b222,West Ham,Arsenal,1,3,0,3,10,2,2,-10,1,2,10,0,1,10,2,1,-10,1,2,10,15,False,False,False,False,False,True,False,False,False,False,False,True
f0d9e479-8b7b-40ea-9fc8-d0565647313e,Liverpool,Watford,2,0,4,0,10,3,1,15,3,0,20,3,0,10,3,0,20,4,0,10,16,False,False,False,False,True,False,False,False,True,False,False,False
80abe7f0-25ef-4389-8280-7abaace1c9bd,Burnley,Newcastle,1,0,1,1,-10,1,1,-30,1,1,-10,1,1,-10,1,2,-10,1,1,-10,16,False,False,True,False,False,False,False,False,False,False,False,False
93acb368-7c24-4313-835e-f6fee12629b3,Chelsea,Bournemouth,0,1,2,0,-10,2,1,-10,2,0,-10,2,0,-10,3,1,-10,2,1,-10,16,False,False,False,False,False,False,False,False,False,False,False,False
a9a07ee7-fd0f-4751-a886-37752d67bd27,Leicester,Norwich City,1,1,3,1,-10,3,0,-10,3,0,-10,3,0,-10,2,0,-10,3,0,-20,16,False,False,False,False,False,False,True,False,False,False,False,False
a2a58310-b313-43a9-b946-126ef71717a7,Sheffield United,Aston Villa,2,0,1,0,10,1,2,-10,2,1,10,2,1,10,1,1,-10,1,0,10,16,False,False,False,False,False,False,False,False,False,False,False,False
1e8e4d73-e7a2-4a03-bac7-43089d4066d5,Southampton,West Ham,0,1,1,1,-10,2,1,-10,1,1,-10,1,1,-10,2,1,-10,1,1,-10,16,False,False,False,False,False,False,False,False,False,False,False,False
9fb85c07-f89d-472f-8cd3-e1285cd997ad,Man Utd,Everton,1,1,3,1,-30,3,2,-10,2,1,-10,2,1,-30,2,2,20,2,1,-10,16,True,False,False,False,False,False,False,False,False,False,True,False
baa8bd4f-187f-4687-8b9e-45c4526ae887,Wolves,Tottenham,1,2,1,1,-10,1,1,-10,1,2,30,2,2,-10,1,2,30,2,2,0,16,False,False,False,False,False,False,False,True,False,False,False,False
126535c1-3a34-403f-962c-38ec7928eab9,Arsenal,Man City,0,3,3,2,0,2,2,0,2,1,0,2,1,0,2,1,-10,1,1,-10,16,False,True,False,True,False,True,False,False,False,False,False,True
058eef1d-ac52-4fd3-9e82-0d1a75252887,Crystal Pal,Brighton,1,1,1,0,-10,2,0,-10,1,1,30,2,2,20,1,2,0,2,1,-10,16,False,False,False,False,False,False,False,False,False,True,False,False
953777b5-9d83-45f8-9975-75194fd38f9b,Everton,Arsenal,0,0,0,2,-30,3,1,-10,1,1,20,1,2,0,2,1,-10,2,3,0,17,True,False,False,False,False,True,False,True,False,False,False,True
6d126e5f-540b-469a-a047-3a0bb8fc0003,Aston Villa,Southampton,1,3,2,0,-10,2,1,-10,2,1,-10,1,1,-10,2,1,-10,1,1,-10,17,False,False,False,False,False,False,False,False,False,False,False,False
f65c0646-62b8-4721-abff-360bc23c0790,Bournemouth,Burnley,0,1,0,0,-10,1,1,-10,2,1,-10,2,2,-10,1,1,-10,1,2,15,17,False,False,False,False,False,False,False,False,False,False,False,False
339eabc1-397f-40f7-95e4-e3edf43ad8a0,Brighton,Sheffield United,0,1,1,1,-10,3,1,-10,1,1,-10,1,2,15,1,1,-10,2,2,-10,17,False,False,False,False,False,False,False,False,False,False,False,False
82f80b2b-5f61-40d0-aec9-e23af685fd50,Newcastle,Crystal Pal,1,0,2,1,15,1,0,30,1,0,30,1,1,-10,2,1,15,1,1,-10,17,False,False,False,False,False,False,False,False,False,False,False,False
3c050ab1-a7f1-454e-b824-efad65c967d9,Norwich City,Wolves,1,2,0,1,15,0,2,10,1,2,30,1,2,30,1,2,30,1,3,10,17,False,False,False,False,False,False,False,False,False,False,False,False
b12217f8-0d16-4d3d-802e-c6f890706cf6,Man City,Leicester,3,1,2,2,-10,2,2,0,2,1,10,2,2,-10,1,1,-10,3,2,10,17,False,False,False,True,False,False,False,False,False,False,False,False
02babb57-158a-435c-898d-96660896abc4,Watford,Man Utd,2,0,1,1,0,1,1,-10,0,2,-30,0,2,-30,0,2,-30,0,2,-30,17,False,True,False,False,True,False,True,False,True,False,True,False
a42a20ff-b63d-440e-a399-a838de0f22f2,Tottenham,Chelsea,0,2,2,1,-10,0,0,-20,1,0,-10,2,2,-10,2,1,0,2,2,-10,17,False,False,True,False,False,False,False,False,False,True,False,False
09ea5a8c-ea74-4205-8eb7-97f2301d3c48,Tottenham,Brighton,2,1,3,0,10,1,1,0,2,1,30,2,2,-10,2,0,10,3,1,10,18,False,False,False,True,False,False,False,False,False,False,False,False
86c410d4-5dd7-476b-8ccc-84f4b76ee271,Aston Villa,Norwich City,1,0,0,1,-10,1,0,30,2,1,15,1,2,-10,1,1,-10,1,2,-10,18,False,False,False,False,False,False,False,False,False,False,False,False
3fdbd482-dc0c-4968-8821-e3da56e3a531,Bournemouth,Arsenal,1,1,0,2,-30,1,2,-10,1,2,-10,0,2,0,1,2,-10,1,3,-10,18,True,False,False,False,False,False,False,False,False,False,False,True
78d3c338-e311-4d2f-aff0-ca5520e0c242,Chelsea,Southampton,0,2,1,0,-10,2,1,-10,2,0,-10,2,1,-10,0,1,10,2,1,-10,18,False,False,False,False,False,False,False,False,False,False,False,False
8bb48ec5-fe99-4449-aff5-88102ef0a810,Crystal Pal,West Ham,2,1,0,0,-10,1,1,-10,1,0,15,1,1,-10,1,2,0,1,1,-10,18,False,False,False,False,False,False,False,False,False,True,False,False
e7f7c1da-4f7c-431a-ab66-d9c56364021f,Everton,Burnley,1,0,2,0,10,2,0,30,1,0,30,2,0,10,1,0,30,2,1,15,18,False,False,True,False,False,False,False,False,False,False,False,False
3983b0b3-e49e-426f-af3e-cdf22933c4db,Sheffield United,Watford,1,1,1,0,-10,2,1,-10,2,0,-30,1,1,30,2,1,-10,2,0,-10,18,False,False,False,False,True,False,False,False,False,False,False,False
f1116bdf-8012-4f3a-a10a-6a167f8c0884,Man Utd,Newcastle,4,1,3,1,10,3,1,10,1,1,-10,1,2,-10,2,1,10,2,1,10,18,False,False,False,False,False,False,False,False,False,False,False,False
f99642a6-fa19-4219-b4d0-26578f5eeee7,Leicester,Liverpool,0,4,2,1,0,1,2,10,1,2,10,1,3,20,1,2,10,2,3,10,18,False,True,False,False,False,False,False,False,False,False,True,False
93313abc-5dd9-476e-b7e1-10ce67e139c2,Wolves,Man City,3,2,0,2,-10,1,1,-10,1,2,-10,1,3,-10,1,2,-10,1,2,-10,18,False,False,False,False,False,False,False,False,False,False,False,False
ba80d9b1-c496-4025-a7ca-e05f45685b08,Brighton,Bournemouth,2,0,2,1,10,0,0,-10,1,1,-10,1,1,-10,1,1,-10,1,1,-10,18,False,False,False,False,False,False,False,False,False,False,False,False
97e23770-7fce-4a87-a6d2-993e8d1b094d,Newcastle,Everton,1,2,0,0,-10,2,2,-10,1,1,-10,1,2,30,1,1,-10,1,1,-10,18,False,False,False,False,False,False,False,False,False,False,False,False
55b1a6e7-57e3-4fb8-abf5-423abef8b1dd,Southampton,Crystal Pal,1,1,2,0,-10,1,0,-10,1,0,-10,0,1,-10,2,2,20,2,1,-10,18,False,False,False,False,False,False,False,False,False,False,False,False
e53a7d1e-71c5-4290-a4ea-d21cf9b9e972,Watford,Aston Villa,3,0,2,0,10,1,1,-10,1,1,-10,1,1,-10,2,0,10,2,1,10,18,False,False,False,False,False,False,False,False,False,False,False,False
e3bf4720-59ee-427d-9a12-29e149763eb9,Norwich City,Tottenham,2,2,0,3,-10,1,1,20,1,3,-10,1,2,-10,1,2,-10,1,1,20,18,False,False,False,False,False,False,False,True,False,False,False,False
c4ac1c47-2703-4841-bca5-18d663a5472c,West Ham,Leicester,1,2,0,2,10,1,2,30,0,2,10,1,3,10,0,2,10,1,3,10,18,False,False,False,False,False,False,False,False,False,False,False,False
76ae0d2d-a21c-4c06-af06-25f49cbe118c,Burnley,Man Utd,0,2,2,2,-10,1,2,10,1,1,-10,0,2,30,1,2,30,1,2,10,18,False,False,False,False,False,False,False,False,True,False,False,False
24039e02-da41-43c9-a68b-7ef76f90bc2f,Arsenal,Chelsea,1,2,1,2,30,2,1,-10,1,1,-10,2,1,-10,2,2,-10,2,1,-10,18,False,False,False,False,False,False,False,False,False,False,False,False
a5012aeb-46d7-4f26-90ac-8e9e39c31467,Liverpool,Wolves,1,0,2,0,10,2,1,15,3,1,10,3,1,10,2,0,10,3,1,10,18,False,False,False,False,False,False,False,False,False,False,False,False
43d73b58-d3b0-4b62-8979-2156f8be9b6a,Man City,Sheffield United,2,0,3,0,10,0,0,-10,2,0,30,3,1,15,2,0,30,3,1,15,18,False,False,False,False,False,False,False,False,False,False,False,False
d0212f47-e692-4ba0-b329-3bfa238c7d98,Brighton,Chelsea,1,1,1,2,-10,1,1,30,1,2,-10,1,2,-10,1,3,-10,0,2,-10,18,False,False,False,False,False,False,False,False,False,False,False,False
eba1d012-77c7-4d38-b96b-eb98ef6cc3ed,Burnley,Aston Villa,1,2,1,0,-10,1,0,-10,2,1,-10,1,1,-10,2,1,-10,2,0,-30,18,False,False,False,False,False,False,True,False,False,False,False,False
43014b13-88ab-44c2-afbd-4c18e0d9e984,Newcastle,Leicester,0,3,0,3,30,1,1,-10,1,2,10,1,2,10,0,1,10,1,2,10,18,False,False,False,False,False,False,False,False,False,False,False,False
c3ad08e6-2e3f-48e0-a0d4-6bec305baa5c,Southampton,Tottenham,1,0,0,2,-10,1,1,-10,1,1,-10,0,2,-10,2,1,15,1,1,-10,18,False,False,False,False,False,False,False,False,False,False,False,False
030173d6-047b-4504-8894-2826898e8916,Watford,Wolves,2,1,1,0,15,1,1,-10,1,2,-10,1,0,15,1,1,-10,1,1,-10,18,False,False,False,False,False,False,False,False,False,False,False,False
38302150-baae-4266-8db6-62424be07246,Man City,Everton,2,1,3,1,10,2,2,-10,2,1,30,3,2,15,2,0,10,2,1,30,18,False,False,False,False,False,False,False,False,False,False,False,False
df1ec1d2-b39c-44b0-bdd7-9540c082e5c4,Norwich City,Crystal Pal,1,1,0,1,-10,1,0,-10,1,1,30,2,1,-10,2,2,20,1,1,30,18,False,False,False,False,False,False,False,False,False,False,False,False
74630f54-e8eb-4578-a61b-55de5a349844,West Ham,Bournemouth,4,0,1,1,-10,2,1,10,2,1,10,1,1,-10,2,0,10,2,1,10,18,False,False,False,False,False,False,False,False,False,False,False,False
df63af58-5313-48b2-99ff-69b902342a1f,Arsenal,Man Utd,2,0,3,1,15,2,1,10,1,1,-10,2,1,10,1,1,-10,2,1,10,18,False,False,False,False,False,False,False,False,False,False,False,False
2b4f66de-d5c4-4f0b-9c0c-18f8e1721de2,Liverpool,Sheffield United,2,0,2,0,30,3,0,10,3,1,15,3,1,15,2,0,30,2,0,30,18,False,False,False,False,False,False,False,False,False,False,False,False
11478c2a-8659-408b-a745-f1da2a060300,Sheffield United,West Ham,1,0,1,0,30,1,2,-10,2,1,15,1,2,-10,1,1,0,1,2,0,19,False,False,False,False,False,False,False,True,False,True,False,False
b1aa0c0b-30f7-4827-8d26-2b365089b85e,Crystal Pal,Arsenal,1,1,0,2,-30,1,2,-10,1,2,-10,1,2,0,1,2,-10,1,3,-10,19,True,False,False,False,False,False,False,False,False,False,False,True
c7797dc2-986b-4140-bc00-c63720d1dbff,Chelsea,Burnley,3,0,2,2,0,2,1,10,1,0,10,2,0,10,0,1,-10,2,0,10,19,False,True,False,False,False,False,False,False,False,False,False,False
19cfdffc-b698-4934-a0c6-15be5f831482,Everton,Brighton,1,0,3,2,15,2,0,30,2,1,15,1,1,-10,2,1,15,1,0,30,19,False,False,True,False,False,False,False,False,False,False,False,False
ae331c1f-a2a6-4474-a357-842b56284082,Leicester,Southampton,1,2,2,1,-10,2,2,-10,3,2,-10,3,1,-10,1,1,-10,2,1,-10,19,False,False,False,False,False,False,False,False,False,False,False,False
59431a1c-f1f8-434c-b884-f769886614a7,Man Utd,Norwich City,4,0,3,0,10,1,1,0,2,0,30,1,0,10,2,0,10,2,0,30,19,False,False,False,True,True,False,True,False,False,False,False,False
b551d034-f9e4-41a0-b797-5ef2bbe6fae0,Wolves,Newcastle,1,1,1,1,30,1,0,-10,1,1,30,2,1,-10,2,0,-30,2,1,-10,19,False,False,False,False,False,False,False,False,True,False,False,False
dd943a1a-ab5a-4c08-bfef-bb3db2407576,Tottenham,Liverpool,0,1,1,2,15,1,2,15,0,2,10,1,3,20,1,2,15,1,3,10,19,False,False,False,False,False,False,False,False,False,False,True,False
065bbd0c-0e40-4f85-a265-a52f76922c88,Bournemouth,Watford,0,3,0,1,10,1,1,-10,1,1,0,1,2,10,1,2,10,0,2,10,19,False,False,False,False,False,True,False,False,False,False,False,False
2f30ee25-1365-46b5-8fee-3e455eeccec9,Aston Villa,Man City,1,6,1,3,10,1,4,10,1,3,10,0,3,10,0,2,10,0,2,10,19,False,False,False,False,False,False,False,False,False,False,False,False
b7631f2b-eb56-4393-85e4-7491f81dd07e,Watford,Tottenham,0,0,1,1,20,1,1,20,2,2,20,2,1,-10,2,1,-10,2,2,20,20,False,True,False,False,False,False,False,False,False,False,False,False
8692814a-07fd-4ddb-86f3-7f4b4f7aaac8,Arsenal,Sheffield United,1,1,1,0,-30,2,1,-10,2,1,-10,2,1,0,2,1,-10,2,1,-30,20,True,False,False,False,False,False,True,False,False,False,False,True
bd570639-8018-4691-b6d4-3b3334b496a6,Brighton,Aston Villa,1,1,2,1,-10,1,1,30,1,2,-10,1,1,30,2,0,0,1,0,-10,20,False,False,False,False,False,False,False,False,False,True,False,False
549a94b8-137b-4f0e-9bf9-48f3655e1ccf,Man City,Crystal Pal,2,2,3,1,-10,3,0,-10,3,0,-10,3,0,-20,2,0,-10,2,1,-10,20,False,False,False,False,False,False,False,False,False,False,True,False
7b00376b-eb81-4507-971c-fffae639c6d4,Norwich City,Bournemouth,1,0,1,0,30,1,1,0,1,1,-10,0,0,-10,1,1,-10,2,1,15,20,False,False,False,True,False,False,False,False,False,False,False,False
f5197b16-ce13-4a5b-94f4-91225f7f5764,Southampton,Wolves,2,3,2,1,-10,2,1,-10,2,1,-10,1,2,15,2,1,-10,1,1,0,20,False,False,False,False,False,False,False,True,False,False,False,False
00053ad9-b7d6-4381-a9b0-e9b62de81b7a,West Ham,Everton,1,1,0,1,-10,1,2,-10,0,1,-10,1,2,-10,2,2,20,1,1,30,20,False,False,False,False,False,False,False,False,False,False,False,False
7d0e549c-5db5-4af8-aaa9-afc74f29e15c,Newcastle,Chelsea,1,0,1,2,-10,1,2,-10,1,2,-10,1,2,-10,1,3,-10,1,3,-10,20,False,False,False,False,False,False,False,False,False,False,False,False
186c8c36-3252-43c5-baab-9828ec4fd353,Burnley,Leicester,2,1,0,2,-10,1,2,-10,1,2,-10,1,2,-10,1,1,-10,1,2,-10,20,False,False,False,False,False,False,False,False,False,False,False,False
f009c433-b637-4099-a92d-4c4a527759bc,Liverpool,Man Utd,2,0,2,0,30,3,1,15,2,0,30,2,1,10,2,0,60,2,1,10,20,False,False,False,False,False,False,False,False,True,False,False,False
490aad4d-849e-4c46-9389-5d4e6f74e5bf,Aston Villa,Watford,2,1,1,2,-10,1,1,-10,1,1,-10,1,2,-10,1,1,-10,1,2,-10,20,False,False,False,False,False,False,False,False,False,False,False,False
e2b33e2f-c4a7-4b16-be4d-8c992e794345,Bournemouth,Brighton,3,1,0,0,-10,0,0,-10,1,1,-10,0,1,-10,1,1,-10,0,1,-10,20,False,False,False,False,False,False,False,False,False,False,False,False
b981272c-7c96-4564-8920-3951929d8f57,Crystal Pal,Southampton,0,2,0,1,10,2,2,-10,2,1,-10,1,0,-10,2,1,-10,1,1,-10,20,False,False,False,False,False,False,False,False,False,False,False,False
c4584420-d043-4dd9-ae0a-e9ca9c009f06,Everton,Newcastle,2,2,1,1,20,2,1,-30,2,1,-10,2,2,30,2,1,-10,1,0,-10,20,False,False,True,False,False,False,False,False,False,False,False,False
e848d8ed-260d-4bf0-8a94-7e20215a0215,Sheffield United,Man City,0,1,1,2,15,1,2,15,1,2,15,1,3,10,0,1,30,1,2,15,20,False,False,False,False,False,False,False,False,False,False,False,False
4d4b402c-424e-4ed1-8df6-997cd306c0c3,Chelsea,Arsenal,2,2,2,1,-10,1,1,20,1,2,0,1,1,20,2,2,30,1,2,-10,20,False,False,False,False,False,True,False,False,False,False,False,False
f03f143f-bc3f-404a-abce-b5566d3d9195,Leicester,West Ham,4,1,1,1,-10,3,1,10,2,0,10,2,1,10,2,1,10,2,1,10,20,False,False,False,False,False,False,False,False,False,False,False,False
7805002f-82c5-461d-85c2-be9511bd3d64,Tottenham,Norwich City,2,1,3,0,10,0,0,-10,2,0,10,1,0,15,2,0,10,1,1,-10,20,False,False,False,False,False,False,False,False,False,False,False,False
1b848fc4-bbe6-4c5f-b2d6-3a63d789ffa6,Man Utd,Burnley,0,2,2,0,-10,2,1,-10,2,0,-30,2,1,-10,1,1,-10,3,1,-10,20,False,False,False,False,True,False,False,False,False,False,False,False
33f9b7e9-53e7-4161-af62-2a488a487c5c,Wolves,Liverpool,1,2,1,1,-10,1,2,30,0,2,10,1,3,10,1,2,30,1,2,30,20,False,False,False,False,False,False,False,False,False,False,False,False
37810ae9-1889-49a6-847a-c091bef513ff,West Ham,Liverpool,0,2,0,2,30,0,2,30,0,3,10,1,3,15,0,2,30,0,2,30,20,False,False,False,False,False,False,False,False,False,False,False,False
5cec0963-64b9-49cf-8973-9a50b5a2141e,Leicester,Chelsea,2,2,2,1,-10,1,2,-10,2,1,-10,2,2,30,2,2,30,1,1,20,21,False,False,False,False,False,False,False,False,False,False,False,False
5d7baf4b-bc20-4763-975a-401626f2166d,Bournemouth,Aston Villa,2,1,0,0,-10,1,1,-10,1,1,-10,1,1,-10,1,1,-10,2,1,30,21,False,False,False,False,False,False,False,False,False,False,False,False
9b0acc03-30d0-4107-846f-0352b6ce1610,Crystal Pal,Sheffield United,0,1,1,1,-10,2,0,-10,1,2,15,1,2,15,1,1,-10,1,0,-10,21,False,False,False,False,False,True,False,False,False,False,False,False
d67f4f27-05fc-44ce-9c80-37cd14066231,Liverpool,Southampton,4,0,2,0,10,3,1,10,2,0,10,3,1,20,2,0,20,3,1,20,21,False,False,False,False,False,False,True,False,True,False,True,False
2ac42664-3493-4995-9c1d-6bede1e83a5e,Newcastle,Norwich City,0,0,2,1,-10,2,0,-30,1,0,-10,2,0,-10,2,1,-10,2,1,-10,21,False,False,True,False,False,False,False,False,False,False,False,False
efbea9d6-a8dc-45e3-afda-62445bff44ea,Watford,Everton,2,3,1,1,-10,2,2,0,1,1,-10,2,1,-10,2,1,-10,2,1,0,21,False,False,False,True,False,False,False,True,False,False,False,False
9e570927-774f-475b-a9b3-1713735bbfff,West Ham,Brighton,3,3,2,1,-10,1,0,-10,2,1,-10,0,0,20,1,0,0,2,2,20,21,False,False,False,False,False,False,False,False,False,True,False,False
ddc2b65c-8f6c-44c9-a036-586951ec4283,Man Utd,Wolves,0,0,1,0,-10,2,2,20,2,2,20,2,1,-10,2,1,-10,3,2,-10,21,False,False,False,False,False,False,False,False,False,False,False,False
931e18fa-0b06-4ee5-b5ab-0acf2640a2f1,Burnley,Arsenal,0,0,0,2,-30,1,1,20,1,2,-30,1,2,0,1,2,-10,1,2,-10,21,True,False,False,False,True,False,False,False,False,False,False,True
a96a12d5-f195-4791-a677-1ed3c0ad8cff,Tottenham,Man City,2,0,1,2,0,1,3,-10,0,2,-10,1,2,-10,1,2,-10,1,3,-10,21,False,True,False,False,False,False,False,False,False,False,False,False
797eee60-b362-49d4-a9fd-019a8e48d62a,Everton,Crystal Pal,3,1,2,1,10,3,1,90,2,0,15,2,1,10,1,0,10,2,1,10,22,False,False,True,False,False,False,False,False,False,False,False,False
c9751ba3-3b79-49cd-95c1-639bfed846fa,Brighton,Watford,1,1,1,1,30,2,2,20,1,1,30,0,0,20,1,1,30,1,1,30,22,False,False,False,True,False,False,False,False,False,False,False,False
9047545c-339e-4702-8111-0915e83526a6,Sheffield United,Bournemouth,2,1,2,0,10,2,1,30,2,1,90,2,1,30,2,1,30,3,1,10,22,False,False,False,False,True,False,False,False,False,False,False,False
99f29097-1ef1-4829-a30b-862a328e8350,Wolves,Leicester,0,0,1,1,20,1,1,20,2,2,20,2,2,20,1,1,20,3,2,0,22,False,False,False,False,False,False,False,True,False,False,False,False
4aff5e53-ec3e-444f-a5f3-4a0a9a7206ec,Southampton,Burnley,1,2,2,1,-10,2,1,-10,1,0,-10,0,1,15,2,1,-10,2,1,-10,22,False,False,False,False,False,False,False,False,False,False,False,False
02c8df38-a6c7-43dd-a2e2-582bd55e820e,Norwich City,Liverpool,0,1,0,3,20,1,2,15,0,3,10,0,3,10,0,3,10,0,3,10,22,True,False,False,False,False,False,False,False,False,False,False,False
407033c4-13f3-4067-b120-63aea9473769,Aston Villa,Tottenham,2,3,0,1,15,1,1,-10,1,2,15,0,2,10,1,1,-10,1,2,15,22,False,False,False,False,False,False,False,False,False,False,False,False
b59b5b68-7536-45fc-9c32-7135686e1493,Arsenal,Newcastle,4,0,2,0,10,2,1,10,2,1,10,2,0,10,2,0,10,2,1,30,22,False,False,False,False,False,False,True,False,False,False,False,True
517b8574-5e56-4bb9-9c64-b64d6974a913,Chelsea,Man Utd,0,2,2,1,-10,0,0,-10,2,1,0,2,1,-10,2,1,-10,2,1,-10,22,False,False,False,False,False,True,False,False,False,False,False,False
3947d6c8-2911-4fdd-8fc1-bee8703c3688,Man City,West Ham,2,0,3,0,10,3,1,15,3,0,10,2,0,30,3,0,10,2,1,10,22,False,False,False,False,False,False,False,False,False,False,False,False
69a54c25-579b-4fd6-b349-c62a8b6a0858,Chelsea,Tottenham,2,1,2,1,30,0,0,0,1,0,15,2,1,30,2,2,-10,3,1,10,23,False,False,False,True,False,False,False,False,False,False,False,False
853cbb5d-a4e8-46fe-a886-9f0e78a1717e,Burnley,Bournemouth,3,0,1,0,10,2,2,-10,1,0,10,2,0,10,2,1,10,1,0,10,23,False,False,False,False,False,False,False,False,False,False,False,False
3c0efaac-ceb5-4063-b82f-a77eff118eb1,Crystal Pal,Newcastle,1,0,1,1,-10,1,1,-10,0,0,-10,1,1,-10,1,0,30,2,0,10,23,False,False,False,False,False,False,False,False,False,True,False,False
7e4f7ead-cdb2-4afd-b26f-786af25205f2,Sheffield United,Brighton,1,1,2,0,-10,1,1,30,2,0,-10,2,1,-10,1,0,-10,2,1,-10,23,False,False,False,False,False,False,False,False,False,False,False,False
e0d32339-0e59-4a3a-a399-3cda5f3cff78,Southampton,Aston Villa,2,0,2,1,10,2,2,-10,2,1,10,2,1,10,2,1,10,1,1,0,23,False,False,False,False,False,False,False,True,False,False,False,False
9d3f7017-13ca-4607-b255-b1028b3ca60d,Leicester,Man City,0,1,2,2,0,1,1,-10,2,2,-10,1,3,10,0,1,30,2,2,-10,23,False,True,False,False,False,False,False,False,False,False,False,False
1150bb9d-3fda-4300-9d29-786bc6ff66d7,Man Utd,Watford,3,0,2,0,10,2,2,-10,2,0,30,2,1,10,2,1,10,3,0,90,23,False,False,False,False,True,False,True,False,False,False,False,False
538faa96-5081-4d57-9040-bbbc456f45de,Wolves,Norwich City,3,0,2,0,10,3,1,30,2,1,10,3,0,30,1,0,10,3,1,10,23,False,False,True,False,False,False,False,False,False,False,False,False
4a62de46-a2f1-4ae6-a01d-5e5dcd606b81,Arsenal,Everton,3,2,2,0,30,2,1,15,2,0,10,3,1,10,2,0,30,2,1,15,23,True,False,False,False,False,True,False,False,True,False,False,True
6524e9ac-076c-4ec0-a5a4-e74846fee2f3,Liverpool,West Ham,3,2,1,0,15,3,1,10,3,0,10,3,0,20,2,0,10,3,1,10,23,False,False,False,False,False,False,False,False,False,False,True,False
11864d65-6a52-4573-ad8f-8fcf04d841d2,Norwich City,Leicester,1,0,1,2,-10,1,2,-10,1,2,-10,0,2,-10,1,2,-10,1,2,-10,24,False,False,False,False,False,False,False,False,False,False,False,False
5f8d000a-abfe-4839-b6c1-f0e03ce0d0d4,Brighton,Crystal Pal,0,1,1,1,-10,2,1,-30,1,1,-10,1,1,-10,1,1,-10,1,1,-10,24,False,False,True,False,False,False,False,False,False,False,False,False
c237553b-ae4b-4c09-9356-9aef873822e4,Bournemouth,Chelsea,2,2,1,2,-10,2,2,30,1,2,-10,0,1,-10,1,3,-10,1,2,-10,24,False,False,False,True,False,False,False,False,False,False,False,False
aafb3cd6-7940-4d0c-aea3-c312e85934a8,Newcastle,Burnley,0,0,0,0,30,1,1,20,1,1,20,1,2,-10,2,1,-10,1,1,20,24,False,False,False,False,False,False,False,False,False,False,False,False
92eff19f-2d39-47d4-8c80-0c98e449bf79,West Ham,Southampton,3,1,1,0,10,2,1,10,1,2,-10,1,1,-10,0,1,-30,2,1,10,24,False,False,False,False,False,False,False,False,True,False,False,False
9c428fcc-f958-4fa5-935e-108ba2562b08,Watford,Liverpool,3,0,0,2,-20,1,3,-10,0,3,-20,0,3,-20,0,2,-10,1,2,-10,24,True,False,False,False,True,False,False,False,False,False,True,False
9a7f36c1-2e8b-40f4-b23b-bde8a93a7718,Everton,Man Utd,1,1,1,2,0,1,1,30,1,1,30,1,3,0,2,1,0,2,3,-10,24,False,True,False,False,False,True,False,False,False,True,False,True
0cc37883-9873-4f26-8d2c-c10f02dad5c8,Tottenham,Wolves,2,3,2,1,-10,1,1,-10,2,1,-10,1,1,-10,2,2,-10,1,1,-10,24,False,False,False,False,False,False,False,False,False,False,False,False
a36fe56c-d9d2-4e79-a163-63870349ef1e,Liverpool,Bournemouth,2,1,2,0,10,2,1,30,2,0,10,3,1,20,2,0,10,2,1,30,25,False,False,False,False,False,False,False,False,False,False,True,False
1603c242-358f-4f1a-a1e9-8e75f893bc62,Arsenal,West Ham,1,0,2,1,45,1,0,30,2,1,15,2,0,10,2,0,30,2,0,30,25,True,False,False,False,False,False,True,False,True,False,False,True
45d918c8-5ceb-440a-bfa6-d4e1a365080d,Crystal Pal,Watford,1,0,1,1,-10,1,1,-10,1,0,30,0,2,-10,1,1,0,1,0,30,25,False,False,False,False,False,False,False,False,False,True,False,False
94919fa1-871e-412e-8eba-e5338e371e10,Sheffield United,Norwich City,1,0,2,0,10,2,1,15,2,1,15,2,0,10,1,0,30,3,2,15,25,False,False,False,False,False,False,False,False,False,False,False,False
259d5b87-dedf-4b4b-a9d6-bb047c8e6cd6,Southampton,Newcastle,0,1,1,0,0,1,1,-10,2,2,-10,1,2,15,2,1,-10,1,1,-10,25,False,True,False,False,False,False,False,False,False,False,False,False
27bb8745-1588-42c1-a534-44cb5f1f99d4,Wolves,Brighton,0,0,1,0,-10,2,1,-30,2,0,-30,2,0,-10,2,1,-10,2,1,-10,25,False,False,True,False,True,False,False,False,False,False,False,False
6f6aa8f0-2bca-4840-a68b-720f423ba264,Burnley,Tottenham,1,1,0,0,20,2,1,-10,1,0,-10,1,1,30,1,1,30,1,1,30,25,False,False,False,False,False,False,False,True,False,False,False,False
ccfce4e8-2604-4c6d-b78c-7a00b373141f,Chelsea,Everton,4,0,2,1,10,2,2,-10,1,1,-10,2,1,10,2,2,-10,3,1,10,25,False,False,False,False,False,False,False,False,False,False,False,False
ede5d234-b65d-45b2-a35b-465440c985c9,Man Utd,Man City,2,0,1,2,-10,2,2,-10,1,2,-10,1,2,-10,1,2,-10,1,2,-10,25,False,False,False,False,False,False,False,False,False,False,False,False
036f9c79-cae3-461d-aba7-6ee1c9ccab06,Leicester,Aston Villa,4,0,2,0,10,1,1,-10,2,1,10,2,0,10,2,1,10,2,1,10,25,False,False,False,False,False,False,False,False,False,False,False,False
5af97041-60f7-4d13-8c67-5fbab153cd8a,Aston Villa,Sheffield United,0,0,2,3,-10,1,1,60,1,1,20,1,1,20,2,1,-10,0,2,-10,26,False,False,True,False,False,False,False,False,False,False,False,False
6c399137-c7be-409d-8b37-7419e199349d,Man City,Arsenal,3,0,1,1,-10,2,2,0,1,1,0,2,2,-10,3,1,10,2,1,10,26,False,False,False,True,False,True,False,False,False,False,False,False
ea607765-3c22-4290-a26a-bf7f0735b09a,Norwich City,Southampton,0,3,1,0,-10,2,2,-10,1,2,10,1,2,10,1,2,10,1,1,-10,26,False,False,False,False,False,False,False,False,False,False,False,False
c01496a1-745b-420b-85ca-6e314ec56d53,Tottenham,Man Utd,1,1,1,3,-10,1,2,-10,1,2,-10,1,2,-10,1,1,90,1,2,0,26,False,False,False,False,False,False,False,True,True,False,False,False
7a667c78-c7eb-4e64-ad4b-5182c5a82bdd,Watford,Leicester,1,1,1,2,-10,1,1,30,0,2,-10,2,1,-10,2,0,-10,2,4,-10,26,False,False,False,False,False,False,False,False,False,False,False,False
96fb33c9-4a48-4a13-abf5-c3e002f89c23,Brighton,Arsenal,2,1,1,2,-30,1,1,-10,0,2,-10,1,3,0,1,1,-10,1,2,-10,26,True,False,False,False,False,False,False,False,False,False,False,True
0c9f4be4-fe6e-4641-9cda-94c512e065e1,West Ham,Wolves,0,2,1,2,10,1,1,-10,1,2,10,1,2,10,2,2,-10,0,2,90,26,False,False,False,False,False,False,True,False,False,False,False,False
5600ef79-501c-4308-b391-ff341593b384,Bournemouth,Crystal Pal,0,2,0,2,30,2,1,-10,1,0,-10,1,1,-10,1,1,0,1,1,-10,26,False,False,False,False,False,False,False,False,False,True,False,False
7fff58b0-252e-4923-9f0f-d88fe6a24481,Newcastle,Sheffield United,3,0,1,1,-10,3,1,10,0,1,-10,2,2,-10,1,2,-10,1,1,-10,26,False,False,False,False,False,False,False,False,False,False,False,False
e620c9fb-7824-4ca8-bac6-62b7043c9e35,Aston Villa,Chelsea,1,2,1,3,10,1,2,30,1,2,30,1,3,10,0,1,15,1,3,10,26,False,False,False,False,False,False,False,False,False,False,False,False
a5d7e1b0-0de3-4e44-86e7-ec8d833f3e9d,Everton,Liverpool,0,0,0,0,30,1,1,20,1,3,-10,1,3,-20,1,1,20,1,3,-10,26,False,True,False,False,False,False,False,False,False,False,True,False
aff42c71-afd3-4aca-8c53-5df379c538fa,Man City,Burnley,5,0,2,0,10,2,1,10,3,0,20,3,1,10,2,0,10,2,1,10,26,False,False,False,False,True,False,False,False,False,False,False,False
fedeb642-a2ed-4f93-a74c-6ee6dcf8592c,Leicester,Brighton,0,0,2,0,-10,2,0,-10,2,0,-10,2,0,-10,2,0,-10,2,1,-10,27,False,False,False,False,False,False,False,False,False,False,False,False
2fa7811c-f8fd-4cfc-9f81-8f0d7b6ab88f,Tottenham,West Ham,2,0,2,0,90,0,0,0,1,0,30,2,1,30,2,0,30,1,0,10,27,True,False,False,True,True,False,False,False,False,False,True,False
39213be8-df1e-4803-ac7e-c5e36ef38c56,Man Utd,Sheffield United,3,0,0,1,-10,2,0,30,2,1,10,2,1,10,1,1,-10,2,1,10,27,False,False,True,False,False,False,False,False,False,False,False,False
286a2f3a-98af-4e64-8f76-e226b8c95caa,Newcastle,Aston Villa,1,1,0,0,20,1,1,30,2,0,-10,2,0,-10,2,1,-10,2,0,-10,27,False,False,False,False,False,False,False,False,False,False,False,False
f9999361-86d5-458f-8cd3-68f56d2f484e,Norwich City,Everton,0,1,1,2,15,0,2,10,1,1,-10,0,2,10,1,1,-10,1,1,-10,27,False,False,False,False,False,False,False,False,False,False,False,False
eec89829-61ad-42a7-a177-8c393722f2a6,Wolves,Bournemouth,1,0,2,0,10,2,1,15,2,0,10,2,0,10,2,0,30,2,0,30,27,False,False,False,False,False,False,True,False,True,False,False,False
7d819417-1174-4ec6-92f0-3e85124777dd,Liverpool,Crystal Pal,4,0,4,0,30,1,1,-10,3,0,10,2,0,10,2,0,10,2,1,10,27,False,False,False,False,False,False,False,False,False,False,False,False
3cbd3020-bb4b-43a4-8479-79b14264ae2a,Burnley,Watford,1,0,1,1,-10,1,1,-10,0,0,-10,0,1,-10,1,1,-10,1,1,-10,27,False,False,False,False,False,False,False,False,False,False,False,False
5810282f-0652-43c2-a159-ff50bb861fc7,Southampton,Arsenal,0,2,0,1,10,2,1,-10,2,1,-10,1,2,10,1,1,-10,1,2,10,27,False,False,False,False,False,False,False,False,False,False,False,True
85dc665e-fe27-4c13-92d3-e374945eb97c,Chelsea,Man City,2,1,1,1,0,2,2,-10,1,2,0,2,2,-10,1,2,0,2,2,0,27,False,True,False,False,False,True,False,True,False,True,False,False
